t,type,state,x,z,detail
0.003,state,HOME,,,
0.003,traj,HOME,0.1510,0.0980,
0.044,wp,OPEN,,,OK duration=0.00s
0.045,state,HOME,,,
0.105,wp,HOME,0.1500,0.1000,OK
0.106,state,APPROACH_A,,,
0.107,traj,APPROACH_A,0.1510,0.0980,
0.208,traj,APPROACH_A,0.1510,0.0980,
0.309,traj,APPROACH_A,0.1510,0.0980,
0.410,traj,APPROACH_A,0.1550,0.0970,
0.512,traj,APPROACH_A,0.1600,0.0970,
0.613,traj,APPROACH_A,0.1660,0.0960,
0.674,wp,APPROACH_A_1/2,0.1750,0.1000,OK
0.715,traj,APPROACH_A,0.1690,0.0980,
0.816,traj,APPROACH_A,0.1720,0.0980,
0.917,traj,APPROACH_A,0.1750,0.1000,
1.018,traj,APPROACH_A,0.1840,0.0980,
1.119,traj,APPROACH_A,0.1890,0.1000,
1.200,wp,APPROACH_A_2/2,0.2000,0.1000,OK
1.201,state,DESCEND_A,,,
1.222,traj,DESCEND_A,0.1940,0.0980,
1.323,traj,DESCEND_A,0.1970,0.0990,
1.424,traj,DESCEND_A,0.1990,0.0960,
1.524,traj,DESCEND_A,0.2000,0.0900,
1.625,traj,DESCEND_A,0.2000,0.0850,
1.726,wp,DESCEND_A_1/3,0.2000,0.0733,OK
1.727,traj,DESCEND_A,0.2000,0.0800,
1.828,traj,DESCEND_A,0.2000,0.0770,
1.929,traj,DESCEND_A,0.2000,0.0740,
2.030,traj,DESCEND_A,0.1990,0.0690,
2.132,traj,DESCEND_A,0.1990,0.0600,
2.233,wp,DESCEND_A_2/3,0.2000,0.0467,OK
2.233,traj,DESCEND_A,0.2010,0.0540,
2.334,traj,DESCEND_A,0.2000,0.0490,
2.436,traj,DESCEND_A,0.2000,0.0470,
2.537,traj,DESCEND_A,0.1990,0.0410,
2.637,traj,DESCEND_A,0.2010,0.0340,
2.738,traj,DESCEND_A,0.2000,0.0270,
2.779,wp,DESCEND_A_3/3,0.2000,0.0200,OK
2.780,state,CLAMP,,,
2.841,traj,CLAMP,0.2000,0.0230,
2.944,traj,CLAMP,0.2000,0.0200,
3.044,traj,CLAMP,0.2000,0.0190,
3.146,traj,CLAMP,0.2000,0.0180,
3.247,traj,CLAMP,0.2000,0.0190,
3.348,traj,CLAMP,0.2000,0.0190,
3.449,traj,CLAMP,0.2000,0.0180,
3.550,traj,CLAMP,0.2000,0.0190,
3.651,traj,CLAMP,0.2000,0.0190,
3.752,traj,CLAMP,0.2000,0.0190,
3.854,traj,CLAMP,0.2000,0.0190,
3.955,wp,CLOSE,,,OK duration=1.06s
3.956,state,LIFT,,,
3.956,traj,LIFT,0.2000,0.0190,
4.058,traj,LIFT,0.2000,0.0190,
4.159,traj,LIFT,0.2000,0.0190,
4.260,traj,LIFT,0.2000,0.0190,
4.361,traj,LIFT,0.2020,0.0230,
4.462,traj,LIFT,0.2020,0.0270,
4.564,traj,LIFT,0.2020,0.0340,
4.625,wp,LIFT_1/3,0.2000,0.0467,OK
4.665,traj,LIFT,0.2010,0.0380,
4.767,traj,LIFT,0.2000,0.0430,
4.868,traj,LIFT,0.2010,0.0450,
4.969,traj,LIFT,0.2020,0.0490,
5.070,traj,LIFT,0.2040,0.0560,
5.171,traj,LIFT,0.2030,0.0610,
5.272,traj,LIFT,0.2020,0.0660,
5.313,wp,LIFT_2/3,0.2000,0.0733,OK
5.374,traj,LIFT,0.2010,0.0700,
5.475,traj,LIFT,0.2000,0.0700,
5.576,traj,LIFT,0.2010,0.0720,
5.678,traj,LIFT,0.2010,0.0790,
5.779,traj,LIFT,0.2020,0.0840,
5.880,traj,LIFT,0.2020,0.0900,
5.961,wp,LIFT_3/3,0.2000,0.1000,OK
5.963,state,TRANSPORT,,,
5.984,traj,TRANSPORT,0.2010,0.0940,
6.085,traj,TRANSPORT,0.2010,0.0970,
6.186,traj,TRANSPORT,0.2000,0.0960,
6.287,traj,TRANSPORT,0.1970,0.0950,
6.388,traj,TRANSPORT,0.1900,0.0980,
6.489,traj,TRANSPORT,0.1850,0.0980,
6.590,wp,TRANSPORT_1/2,0.1750,0.1000,OK
6.591,traj,TRANSPORT,0.1800,0.1000,
6.692,traj,TRANSPORT,0.1770,0.0990,
6.793,traj,TRANSPORT,0.1730,0.1010,
6.895,traj,TRANSPORT,0.1680,0.1010,
6.996,traj,TRANSPORT,0.1610,0.1030,
7.098,traj,TRANSPORT,0.1570,0.1010,
7.118,wp,TRANSPORT_2/2,0.1500,0.1000,OK
7.119,state,DESCEND_B,,,
7.200,traj,DESCEND_B,0.1530,0.1020,
7.305,traj,DESCEND_B,0.1510,0.0990,
7.406,traj,DESCEND_B,0.1510,0.0940,
7.508,traj,DESCEND_B,0.1490,0.0870,
7.608,traj,DESCEND_B,0.1500,0.0820,
7.669,wp,DESCEND_B_1/3,0.1500,0.0733,OK
7.710,traj,DESCEND_B,0.1500,0.0770,
7.811,traj,DESCEND_B,0.1510,0.0750,
7.912,traj,DESCEND_B,0.1490,0.0700,
8.014,traj,DESCEND_B,0.1490,0.0640,
8.115,traj,DESCEND_B,0.1500,0.0570,
8.216,traj,DESCEND_B,0.1510,0.0520,
8.236,wp,DESCEND_B_2/3,0.1500,0.0467,OK
8.318,traj,DESCEND_B,0.1500,0.0480,
8.419,traj,DESCEND_B,0.1510,0.0470,
8.520,traj,DESCEND_B,0.1500,0.0450,
8.621,traj,DESCEND_B,0.1500,0.0420,
8.723,traj,DESCEND_B,0.1500,0.0370,
8.824,traj,DESCEND_B,0.1510,0.0340,
8.925,traj,DESCEND_B,0.1510,0.0310,
9.026,traj,DESCEND_B,0.1510,0.0310,
9.127,traj,DESCEND_B,0.1500,0.0300,
9.229,traj,DESCEND_B,0.1500,0.0300,
9.330,traj,DESCEND_B,0.1500,0.0300,
9.431,traj,DESCEND_B,0.1500,0.0300,
9.532,traj,DESCEND_B,0.1500,0.0300,
9.634,traj,DESCEND_B,0.1500,0.0300,
9.735,traj,DESCEND_B,0.1500,0.0300,
9.836,wp,DESCEND_B_3/3,0.1500,0.0200,OK
9.837,state,RELEASE,,,
9.837,traj,RELEASE,0.1500,0.0300,
9.938,traj,RELEASE,0.1500,0.0300,
10.040,traj,RELEASE,0.1500,0.0300,
10.141,traj,RELEASE,0.1500,0.0300,
10.242,traj,RELEASE,0.1500,0.0300,
10.343,traj,RELEASE,0.1500,0.0300,
10.444,traj,RELEASE,0.1500,0.0300,
10.545,traj,RELEASE,0.1500,0.0300,
10.646,traj,RELEASE,0.1500,0.0300,
10.747,traj,RELEASE,0.1500,0.0300,
10.848,traj,RELEASE,0.1500,0.0300,
10.949,traj,RELEASE,0.1500,0.0300,
11.031,wp,OPEN,,,OK duration=1.00s
11.031,state,LIFT_B,,,
11.052,traj,LIFT_B,0.1500,0.0300,
11.154,traj,LIFT_B,0.1500,0.0300,
11.255,traj,LIFT_B,0.1500,0.0300,
11.356,traj,LIFT_B,0.1510,0.0310,
11.457,traj,LIFT_B,0.1520,0.0320,
11.558,traj,LIFT_B,0.1540,0.0350,
11.639,wp,LIFT_B_1/3,0.1500,0.0467,OK
11.660,traj,LIFT_B,0.1520,0.0390,
11.762,traj,LIFT_B,0.1510,0.0420,
11.863,traj,LIFT_B,0.1500,0.0440,
11.964,traj,LIFT_B,0.1520,0.0460,
12.065,traj,LIFT_B,0.1530,0.0500,
12.167,traj,LIFT_B,0.1530,0.0580,
12.268,wp,LIFT_B_2/3,0.1500,0.0733,OK
12.268,traj,LIFT_B,0.1510,0.0630,
12.369,traj,LIFT_B,0.1510,0.0680,
12.470,traj,LIFT_B,0.1500,0.0700,
12.571,traj,LIFT_B,0.1530,0.0750,
12.673,traj,LIFT_B,0.1540,0.0810,
12.774,traj,LIFT_B,0.1550,0.0880,
12.834,wp,LIFT_B_3/3,0.1500,0.1000,OK
12.835,state,HOME,,,
12.876,traj,HOME,0.1520,0.0930,
12.917,wp,HOME,0.1500,0.1000,OK
12.917,cycle,CYCLE_1,,,SUCCESS
12.918,state,CYCLE_1_OK,,,
